address,name,chainId
0x06228b709Ed3c8344ae61e64b48204174d2e48B5,Asset_BOB_Pool_BOB,42161
0x75Eaa804518a66196946598317Aed57Ef86235Fe,Asset_BOB_Pool_USDCe,42161
0xf4B72e9a18E4b7C65165E437c57ff6b6202E4505,Asset_FRAX_Pool_FRAX,42161
0x51880CEE87bF2F5ffb1AbC84E20889771b025D0A,Asset_FRAX_Pool_MAI,42161
0xF9C2356a21B60c0c4DDF2397f828dd158f82a274,Asset_FRAX_Pool_USD+,42161
0x502a88FFCeb9363BEFD1B1c78265FC3ac8ABd3a2,Asset_FRAX_Pool_USDCe,42161
0x7A8ce23c361a6A93AD8f443a31b20a8617d1A59a,Asset_MIM_Pool_MIM,42161
0x4552E884da00BacEB30D86458460C24957e65C1F,Asset_MIM_Pool_USDT,42161
0x0Fa7b744F18D8E8c3D61B64b110F25CC27E73055,Asset_MainPool_DAI,42161
0xE5232c2837204ee66952f365f104C09140FB2E43,Asset_MainPool_USDC,42161
0x2977b0B54a76c2b56D32cef19f8ea83Cc766cFD9,Asset_MainPool_USDCe,42161
0x85cEBD962861be410a777755dFa06914de6af003,Asset_MainPool_USDT,42161
0x51E073D92b0c226F7B0065909440b18A85769606,Asset_USDPlus_Pool_DAI+,42161
0xBd7568d25338940ba212e3F299D2cCC138fA35F0,Asset_USDPlus_Pool_USD+,42161
0x6ADd078996308547C57B052549a19c5f66BF42C8,Asset_USDPlus_Pool_USDCe,42161
0x90971596f486521F496dC05fAEb90837a5F19108,Asset_WstETH_Pool_WETH,42161
0xEB7e2f8Efac7Ab8079837417b65cD927f05F7465,Asset_WstETH_Pool_wstETH,42161
0x35c462B3396359CAe6c5b40c24e0859B1f1Bc6aC,Asset_ankrETH_Pool_WETH,42161
0x2290281060F2cE6BB73DcCF9b1735bC366f3f2C4,Asset_ankrETH_Pool_ankrETH,42161
0x625b37bbBb725d168Fdc94FE1e73b200dD01F08b,Asset_ePendle_Pool_PENDLE,42161
0x1Bd8cE3BA10F7C299793da3A146917da5eA18EeB,Asset_ePendle_Pool_ePendle,42161
0xB75eD91d1654e586015d72cAbBc8F4B8B9AA0fD9,Asset_fUSDC_Pool_USDCe,42161
0xc74a9d15037886Ea357F0ef243C50010B11133cB,Asset_fUSDC_Pool_fUSDC,42161
0xe62880CC6872c9E9Fb1DDd73f400850fdaBE798D,Asset_frxETH_Pool_WETH,42161
0x6966553568634F4225330D559a8783DE7649C7D3,Asset_frxETH_Pool_frxETH,42161
0x2a20202A6F740200BA188F6D72fa72a08a346Aaa,Asset_frxETH_Pool_sfrxETH,42161
0x4688300D46eF400C3506a165d5bDCa6A51350978,Asset_jUSDC_Pool_USDCe,42161
0xde509fE1555ab907E5C29f987ba0BE1AC0626dAe,Asset_jUSDC_Pool_jUSDC,42161
0xb4bEb0fDf0163a39D39b175942E7973da2c336Fb,Asset_mPendle_Pool_PENDLE,42161
0x5aD0b68c8544D475ee73ffd4c8dfe7E273b01266,Asset_mPendle_Pool_mPendle,42161
0x59d8DCA660b71Ba97a16f781A40809a0fC350769,Asset_mWOM_Pool_WOM,42161
0xDdDC78F940E012CfC1Ad04DE2Ca089eb94900145,Asset_mWOM_Pool_mWOM,42161
0x6B7C9dB425951543aA556b984869C50e6a18C7B2,Asset_qWOM_Pool_WOM,42161
0xeF9187a5f03b988326a79eBd21569A2319DF2486,Asset_qWOM_Pool_qWOM,42161
0xB1Ad5C2573867E8157deD08d065fc761d606C3D9,Asset_wmxWOM_Pool_WOM,42161
0xB9e272ff4BfEf5D18d83bc63b845E83e9df5612B,Asset_wmxWOM_Pool_wmxWOM,42161
0xe933e227315FeA19A4130F65EFfF7A12F50f762E,Bribe_Asset_BOB_Pool_BOB,42161
0xA1fdb8D04C2950D163017B990230bD1784692979,Bribe_Asset_BOB_Pool_USDCe,42161
0xe3c747896C76aEE3f4c18F34A36eE58b425B8E17,Bribe_Asset_FRAX_Pool_FRAX,42161
0x7b604147a84b5968815347c1D73fCDA2235b7C64,Bribe_Asset_FRAX_Pool_MAI,42161
0x5Fb5225FeA83440B8f764639D9b6309E56562F54,Bribe_Asset_FRAX_Pool_USD+,42161
0xD58d5E0bB8E669d9F9127CaBb39bAF309aB163BA,Bribe_Asset_MIM_Pool_MIM,42161
0xDC82b78423fB816a5fAA4357AF21cFd8Fa419D5f,Bribe_Asset_MIM_Pool_USDT,42161
0x8b892b6Ea1d0e5B29b719d6Bd6eb9354f1cDE060,Bribe_Asset_USDPlus_Pool_DAI+,42161
0x8cd967EA785E5C947559C58DD8A8c572EA6980DE,Bribe_Asset_USDPlus_Pool_USD+,42161
0x1edFA9c9Ae18ccC4525c20F698a13D464515Bf03,Bribe_Asset_USDPlus_Pool_USDCe,42161
0x8e16b6c0C6121c58733Af331B07F1C2fda7F8561,Bribe_Asset_WstETH_Pool_WETH,42161
0xcE2bb46e4121819d5Bf77e28480393083738549A,Bribe_Asset_WstETH_Pool_wstETH,42161
0x4ce537d187c97B7a5696B38f5de41aA4e57a08BA,Bribe_Asset_ankrETH_Pool_WETH,42161
0x9f3F1e89831391214fAA57ee7e27667156140655,Bribe_Asset_ankrETH_Pool_ankrETH,42161
0x4f7f9B195eAE3Bd3D933fA9708c9B7ADbFb52ac2,Bribe_Asset_frxETH_Pool_WETH,42161
0x96412caB79c3A4c5cACD8b6fbFbEa36F4cA3791a,Bribe_Asset_frxETH_Pool_frxETH,42161
0x765fDA4B8f57587B9A6d525b81a2130679075543,Bribe_Asset_frxETH_Pool_sfrxETH,42161
0x19f477e5864Fec9Cc8f91Fd9F6eD71F6ce13d3b3,Bribe_Asset_jUSDC_Pool_USDCe,42161
0xF760094A46bC456a1e3fd0A00ccf98108f9B35D0,Bribe_Asset_jUSDC_Pool_jUSDC,42161
0x2badccf259bD2A97Cf0f1a2aaE901092012020f2,Bribe_Asset_mPendle_Pool_PENDLE,42161
0xB02035DEa7e775beFb407C1D831aD5F9948d481D,Bribe_Asset_mPendle_Pool_mPendle,42161
0x096f99AF43B96e87659668A5f9397FeC724D7B24,Bribe_Asset_mWOM_Pool_WOM,42161
0x259ccd824d4162f41D8BB52e56B15445a21a33Ee,Bribe_Asset_mWOM_Pool_mWOM,42161
0x38169243f4743De770B64acd987d89E8BD58B54C,Bribe_Asset_qWOM_Pool_WOM,42161
0x5A65Cb65C601A396e79Ff9e03650Bdc97Ed2dE8B,Bribe_Asset_qWOM_Pool_qWOM,42161
0x6f70C8832a8661113b935453835f20b0C46ae695,Bribe_Asset_wmxWOM_Pool_WOM,42161
0x3324303607b0Fbc2f59E045612eE34C08C7AE41e,Bribe_Asset_wmxWOM_Pool_wmxWOM,42161
0x2722FE570Fa9f7fEE1662dEee01F5d76003dE182,DefaultProxyAdmin,42161
0x3DbF3e359a570D46CF5a663AC92DC7Cae77110FB,DynamicPoolV2_Implementation,42161
0xe14302040c0A1eb6fB5A4A79EfA46D60029358d9,DynamicPools_WstETH_Pool,42161
0xe14302040c0A1eb6fB5A4A79EfA46D60029358d9,DynamicPools_WstETH_Pool_Proxy,42161
0xB9bdfE449Da096256Fe7954Ef61A18eE195Db77B,DynamicPools_ankrETH_Pool,42161
0x3DbF3e359a570D46CF5a663AC92DC7Cae77110FB,DynamicPools_ankrETH_Pool_Implementation,42161
0xB9bdfE449Da096256Fe7954Ef61A18eE195Db77B,DynamicPools_ankrETH_Pool_Proxy,42161
0x20D7ee728900848752FA280fAD51aF40c47302f1,DynamicPools_frxETH_Pool,42161
0x4d1CC84a33462c35ad3dd68756d330CBbA087053,DynamicPools_frxETH_Pool_Implementation,42161
0x20D7ee728900848752FA280fAD51aF40c47302f1,DynamicPools_frxETH_Pool_Proxy,42161
0xc7a6bA5F28993BaDb566007bD2E0CB253c431974,DynamicPools_jUSDC_Pool,42161
0x7585bae98800C621b427Fe045EA3b4052559C11b,DynamicPools_jUSDC_Pool_Implementation,42161
0xc7a6bA5F28993BaDb566007bD2E0CB253c431974,DynamicPools_jUSDC_Pool_Proxy,42161
0x917caF2b4D6040a9D67A5F8CEfC4F89d1b214c1A,FactoryPools_BOB_Pool,42161
0x3ccC0dC754E380cDA16EF94292F278bbc4Ff463E,FactoryPools_BOB_Pool_Implementation,42161
0x917caF2b4D6040a9D67A5F8CEfC4F89d1b214c1A,FactoryPools_BOB_Pool_Proxy,42161
0x4a8686df475D4c44324210FFA3Fc1DEA705296e0,FactoryPools_FRAX_Pool,42161
0x38D2259fDeEdc94Eaf915a872139c985Ce36d5Ad,FactoryPools_FRAX_Pool_Implementation,42161
0x4a8686df475D4c44324210FFA3Fc1DEA705296e0,FactoryPools_FRAX_Pool_Proxy,42161
0x29eeB257a2A6eCDE2984aCeDF80A1B687f18eC91,FactoryPools_MIM_Pool,42161
0x30E27c4E1C9D8845a961CA703bf4B5e46e1F554c,FactoryPools_MIM_Pool_Implementation,42161
0x29eeB257a2A6eCDE2984aCeDF80A1B687f18eC91,FactoryPools_MIM_Pool_Proxy,42161
0xD64816Fbdf50a1C4AEa456A4006ad21A928305f3,FactoryPools_StandalonePool,42161
0xb8Fe07bED7f9EA495E6517cE5404007eC1a1ABDd,FactoryPools_StandalonePool_Implementation,42161
0xD64816Fbdf50a1C4AEa456A4006ad21A928305f3,FactoryPools_StandalonePool_Proxy,42161
0xCF20fDA54e37f3fB456930f02fb07FccF49e4849,FactoryPools_USDPlus_Pool,42161
0x6A4b5988692F8C47eA3BcCFB8A127288db61f5E1,FactoryPools_USDPlus_Pool_Implementation,42161
0xCF20fDA54e37f3fB456930f02fb07FccF49e4849,FactoryPools_USDPlus_Pool_Proxy,42161
0x956454C7BE9318863297309183C79b793D370401,FactoryPools_fUSDC_Pool,42161
0x956454C7BE9318863297309183C79b793D370401,FactoryPools_fUSDC_Pool_Proxy,42161
0x44A0e2AC2c99D5cB2910ec1784DD158b7fa3A642,HighCovRatioFeePoolV2_Implementation,42161
0xc6bc781E20f9323012F6e422bdf552Ff06bA6CD1,MainPool,42161
0x82E62f4e174E3C5e1641Df670c91Ac6Ab8541518,MainPool_Implementation,42161
0xc6bc781E20f9323012F6e422bdf552Ff06bA6CD1,MainPool_Proxy,42161
0x62A83C6791A3d7950D823BB71a38e47252b6b6F4,MasterWombatV3,42161
0xb789d438CE654E324f17543512E0706F0E6273dB,MasterWombatV3_Implementation,42161
0x62A83C6791A3d7950D823BB71a38e47252b6b6F4,MasterWombatV3_Proxy,42161
0xa9a08133af8241e36193b57E4dFE43D147Cd23cC,MultiRewarderPerSec_V3_Asset_FRAX_Pool_USDCe,42161
0x72b46b8bfF10B0A48d97C47Ed53d03Ca9EeCB2Ef,MultiRewarderPerSec_V3_Asset_USDPlus_Pool_USDCe,42161
0x0e2D70ac977E3435403efB46159315E8aBa78278,MultiRewarderPerSec_V3_Asset_WstETH_Pool_WETH,42161
0x1C18Aa903f8DEA0d237EDe4cf0413668b9bA7Dfe,MultiRewarderPerSec_V3_Asset_WstETH_Pool_wstETH,42161
0x1242FB2bDc110b0F228E6348220aB6c3fd4837d0,MultiRewarderPerSec_V3_Asset_ePendle_Pool_PENDLE,42161
0x49Ea553c102b595E798689af2b4663A8d33Eac51,MultiRewarderPerSec_V3_Asset_ePendle_Pool_ePendle,42161
0x2201EAFcbE5f4bddf14206A319C51B86E8E0c138,MultiRewarderPerSec_V3_Asset_fUSDC_Pool_USDCe,42161
0xF37F7835f2C214AC678F2f3C5147026907d88836,MultiRewarderPerSec_V3_Asset_fUSDC_Pool_fUSDC,42161
0x7cB260008891F8D5dF230F20758C6be46C17E154,MultiRewarderPerSec_V3_Asset_mPendle_Pool_PENDLE,42161
0x4e811C2Cf56F63f1762bcB70110FA6FB83dCa968,MultiRewarderPerSec_V3_Asset_mPendle_Pool_mPendle,42161
0xF01d86db93674E37d90A702499f962Aa505ff081,MultiRewarderPerSec_V3_Asset_mWOM_Pool_WOM,42161
0xf9cDC1cc73bA10eCC138948E140aF64F958CFCF6,MultiRewarderPerSec_V3_Asset_mWOM_Pool_mWOM,42161
0xF1dB5B1f92dbe4A34B9FC0CF629E6b013d7dE18d,MultiRewarderPerSec_V3_Asset_qWOM_Pool_WOM,42161
0x6001f4726F11155533630cb9936436CdB7631bb9,MultiRewarderPerSec_V3_Asset_qWOM_Pool_qWOM,42161
0x6569DDC1Cc2648c89BC8025046A7dd65EB8940F3,MultiRewarderPerSec_V3_Asset_wmxWOM_Pool_WOM,42161
0xeB87bF23030F2390E8822249e962cdfBFC8Bc480,MultiRewarderPerSec_V3_Asset_wmxWOM_Pool_wmxWOM,42161
0x3257EaA9C919fe01EF628fe9031BA2Cd8927A3b1,PendleSidePools_ePendle_Pool,42161
0x3257EaA9C919fe01EF628fe9031BA2Cd8927A3b1,PendleSidePools_ePendle_Pool_Proxy,42161
0xe7159f15e7b1d6045506B228A1ed2136dcc56F48,PendleSidePools_mPendle_Pool,42161
0xe7159f15e7b1d6045506B228A1ed2136dcc56F48,PendleSidePools_mPendle_Pool_Proxy,42161
0x1d15c46e75CC006490c356D29FF357a647918797,PriceFeed_GovernedPriceFeed_Asset_frxETH_Pool_sfrxETH,42161
0x488B34F704a601DAeEf14135146a3dA79F2d3EFC,VeWom,42161
0x4A88C44B8D9B9f3F2BA4D97236F737CF03DF76CD,VeWom_Implementation,42161
0x488B34F704a601DAeEf14135146a3dA79F2d3EFC,VeWom_Proxy,42161
0x3f90a5a47364c0467031fB00246192d40E3D2D9D,Voter,42161
0x34E2F923bBa206358EcE221af73E8d121837F873,Voter_Implementation,42161
0x3f90a5a47364c0467031fB00246192d40E3D2D9D,Voter_Proxy,42161
0x9A65781bFff8E43E4345D6B1b5157B2657F2735D,Whitelist,42161
0x90eCddEC4E4116E30769A4e1EA52c319aca338B6,WomSidePools_mWOM_Pool,42161
0xC096FF2606152eD2A06dd12F15A3c0466Aa5A9fa,WomSidePools_mWOM_Pool_Implementation,42161
0x90eCddEC4E4116E30769A4e1EA52c319aca338B6,WomSidePools_mWOM_Pool_Proxy,42161
0x12Fa5AB079CFf564d599466d39715D35d90Af978,WomSidePools_qWOM_Pool,42161
0x9cbeE53A48390A3205B14F6B8e48Ca81Fe105dEE,WomSidePools_qWOM_Pool_Implementation,42161
0x12Fa5AB079CFf564d599466d39715D35d90Af978,WomSidePools_qWOM_Pool_Proxy,42161
0xEE9b42b40852a53c7361F527e638B485D49750cD,WomSidePools_wmxWOM_Pool,42161
0xbEd0509801634CcC29Fa9f2faD764Bf194c7927d,WomSidePools_wmxWOM_Pool_Implementation,42161
0xEE9b42b40852a53c7361F527e638B485D49750cD,WomSidePools_wmxWOM_Pool_Proxy,42161
0xc4B2F992496376C6127e73F1211450322E580668,WombatRouter,42161
0x6F1c689235580341562cdc3304E923cC8fad5bFa,AnkrBNBPool,56
0xb7DF4A2000A116ac18f10DA9a2E418Cda22DB80f,AnkrBNBPool_Implementation,56
0x6F1c689235580341562cdc3304E923cC8fad5bFa,AnkrBNBPool_Proxy,56
0x0e99fBfD04c255124A168c6Ae68CcE3c7dCC5760,Asset_AnkrBNBPool_WBNB,56
0xB6D83F199b361403BDa2c44712a77F55E7f8855f,Asset_AnkrBNBPool_ankrBNB,56
0x5d64eD5f5121d0A3452ad36D8aeFA554D4060F4a,Asset_BNBy_Pool_BNBy,56
0x5A65Cb65C601A396e79Ff9e03650Bdc97Ed2dE8B,Asset_BNBy_Pool_WBNB,56
0x4968E21be7Bb0ced1bd3859d3dB993ad3a05d2E6,Asset_BOB_Pool_BOB,56
0x6b98d2B6ed0131338C7945Db8588DA43323d1b8C,Asset_BOB_Pool_USDC,56
0x16B37225889A038FAD42efdED462821224A509A7,Asset_BnbxPool_BNBx,56
0x0321D1D769cc1e81Ba21a157992b635363740f86,Asset_BnbxPool_WBNB,56
0x10F7C62f47F19e3cE08fef38f74E3C0bB31FC24f,Asset_DP01_BNBx,56
0x74f019A5C4eD2C2950Ce16FaD7Af838549092c5b,Asset_DP01_WBNB,56
0x9d2deaD9547EB65Aa78E239647a0c783f296406B,Asset_DP01_aBNBc,56
0xc496f42eA6Fc72aF434F48469b847A469fe0D17f,Asset_DP01_stkBNB,56
0xa393D61fE1532257B69b753aF7d1EfB0e22f1A6E,Asset_HAY_Pool_HAY,56
0x681124f5BDD9aCDA19d1721063254189903CD685,Asset_HAY_Pool_USDC,56
0x184EB7DDE8c00fad900120235b534AABc1d96F75,Asset_HAY_Pool_USDT,56
0xA45C0ABeef67C363364E0e73832df9986aBa3800,Asset_MIM_Pool_MIM,56
0x61e338828ABBdD7bddAd918BB3Cd1F09d4345752,Asset_MIM_Pool_USDT,56
0xF319947eCe3823b790dd87b0A509396fE325745a,Asset_MainPool_BUSD,56
0x9D0a463D5dcB82008e86bF506eb048708a15dd84,Asset_MainPool_DAI,56
0xb43Ee2863370a56D3b7743EDCd8407259100b8e2,Asset_MainPool_USDC,56
0x4F95fE57BEA74b7F642cF9c097311959B9b988F7,Asset_MainPool_USDT,56
0x3ac762C607ed6Dba156cBcF11efF96340e86b490,Asset_Mixed_Pool_CUSD,56
0x6b60066966080deaB5090d6026CB134591a1cC95,Asset_Mixed_Pool_FRAX,56
0xa6eF6C45EbFDBc13f6D032fbDFeC9b389C1603E5,Asset_Mixed_Pool_HAY,56
0x88bEb144352BD3109c79076202Fac2bcEAb87117,Asset_Mixed_Pool_USD+,56
0x8Df8b50B73849f0433EE3314BD956e624e67b3ce,Asset_Mixed_Pool_USDC,56
0xbd459E33307A4ae92fFFCb45C6893084CFC273B1,Asset_Mixed_Pool_USDT+,56
0xA649Be04619a8F3B3475498E1ac15C90C9661C1A,Asset_SidePool_01_BUSD,56
0x1fa71DF4b344ffa5755726Ea7a9a56fbbEe0D38b,Asset_SidePool_01_HAY,56
0xaA0811AfF60Fbe2d7D7D0A18F26e584b8C148Ee8,Asset_SnBNB_Pool_SnBNB,56
0x5d38a3B0f04F6C6026c24FFa78CcDf421F91df38,Asset_SnBNB_Pool_WBNB,56
0x6C7B407411b3DB90DfA25DA4aA66605438D378CE,Asset_StkBnbPool_WBNB,56
0x0E202A0bCad2712d1fdeEB94Ec98C58bEeD0679f,Asset_StkBnbPool_stkBNB,56
0x9F9CeA30d242d7f5527Fa900f9fb0F77A98FdA82,Asset_USDD_Pool_USDC,56
0x24a70c1489d521F5e2D2612474630eFe7C2ba073,Asset_USDD_Pool_USDD,56
0x90F6F0e11EF071aeCdBbCA5Ef01c2d630f2B5201,Asset_ankrETH_Pool_ETH,56
0x128FA2c0708Bd0e357Cd97EadAAfa3bc9608228b,Asset_ankrETH_Pool_ankrETH,56
0x791b2424df9865994Ad570425278902E2B5D7946,Asset_axlUSDC_Pool_BUSD,56
0x77F645Ee0c6d47380A942B04B8151fD542927391,Asset_axlUSDC_Pool_axlUSDC,56
0x4d41E9EDe1783b85756D3f5Bd136C50c4Fb8E67E,Asset_frxETH_Pool_ETH,56
0xb268c3181921747379271B9BFfCE8B16311656e3,Asset_frxETH_Pool_WETH,56
0xd67EdEA100AdC2Aa8ae0b5CEe7bF420ee17E5bB9,Asset_frxETH_Pool_frxETH,56
0xa9a08133af8241e36193b57E4dFE43D147Cd23cC,Asset_frxETH_Pool_sfrxETH,56
0x7Ff1AEc17ea060BBcB7dF6b8723F6Ea7fc905E8F,Asset_iUSD_Pool_BUSD,56
0x3A29dF144bB54A8bF3d20357c116befa7adE962d,Asset_iUSD_Pool_iUSD,56
0xEABa290B154aF45DE72FDf2a40E56349e4E68AC2,Asset_mWOMPool_WOM,56
0x1f502fF26dB12F8e41B373f36Dc0ABf2D7F6723E,Asset_mWOMPool_mWOM,56
0xB5c9368545A26b91d5f7340205e5d9559f48Bcf8,Asset_qWOMPool_WOM,56
0x87073ba87517E7ca981AaE3636754bCA95C120E4,Asset_qWOMPool_qWOM,56
0xcF434949c242C2D32514BA971947bD3700EFB015,Asset_stables_01_BUSD,56
0x47aB513f97e1CC7D7d1a4DB4563F1a0fa5C371EB,Asset_stables_01_FRAX,56
0x3C8e744f6c4Ed2c9D82e33D69DDcC5961Aa05367,Asset_stables_01_TUSD,56
0x4447DE210475BFa08e5D42271A73D7624c8a5aC6,Asset_wBETH_Pool_ETH,56
0x975693AFe5bb69088a716E3A7f9BFF77ec51D57F,Asset_wBETH_Pool_wBETH,56
0xF9BdC872D75f76B946E0770f96851b1f2F653caC,Asset_wmxWOMPool_WOM,56
0x3C42E4F84573aB8c88c8E479b7dC38A7e678D688,Asset_wmxWOMPool_wmxWOM,56
0xbed9B758A681d73a95Ab4c01309C63aa16297b80,BNBy_Pool,56
0x866F9612003Ff73df948d6D043dFE0B4927E1a18,BNBy_Pool_Implementation,56
0xbed9B758A681d73a95Ab4c01309C63aa16297b80,BNBy_Pool_Proxy,56
0x8df1126de13bcfef999556899F469d64021adBae,BnbxPool,56
0x024D75Ea2BB81210a9218619ea7df35239B1f29B,BnbxPool_Implementation,56
0x8df1126de13bcfef999556899F469d64021adBae,BnbxPool_Proxy,56
0x048DC3bA13406bCC8226CE62385261894F118047,Bribe_Asset_AnkrBNBPool_WBNB,56
0x32816B1d037F6b058D3b5c76EEe497F769376DBb,Bribe_Asset_AnkrBNBPool_ankrBNB,56
0xc007e84D995e49f68AEA51D7f6E3aDD21b73676f,Bribe_Asset_BNBy_Pool_BNBy,56
0x8779D3887b029F4005a4C5B6aDBC6589bEA301b1,Bribe_Asset_BNBy_Pool_WBNB,56
0xD8e4FD44F43C46427338A9b8c946E7D57AF22c10,Bribe_Asset_HAY_Pool_HAY,56
0x8E926C7792635362ACf425DcB3dCb2bf42167826,Bribe_Asset_HAY_Pool_USDC,56
0xD80356F64c0693BAd4844250527B144cDf382915,Bribe_Asset_HAY_Pool_USDT,56
0x09Da8826fdC3c5211A9B128d1f4Fb61CE86705f9,Bribe_Asset_MIM_Pool_MIM,56
0xACEB589012edbBEe4CE7b4E89B916700B43419CA,Bribe_Asset_MIM_Pool_USDT,56
0x52Eb70A364FE86B8286a5E076Be6c8f816B2E3D9,Bribe_Asset_Mixed_Pool_CUSD,56
0x810287C8809225b632dE790C0935D30003c67e4a,Bribe_Asset_Mixed_Pool_FRAX,56
0x861C5005754f26ab955899721b531B3922fE2320,Bribe_Asset_Mixed_Pool_HAY,56
0xd66fE42C6Eb5471a7483354Cf9476bBFEa2e717D,Bribe_Asset_Mixed_Pool_USD+,56
0x92e8B58ef7E68A4cb44910390fc85a33B1870dcB,Bribe_Asset_Mixed_Pool_USDC,56
0x6aA55c9E51Cb2cC39A50f872607d76dc6910e046,Bribe_Asset_Mixed_Pool_USDT+,56
0xeDe96F649Ffc40Ac48A42c2e5971492Be3a48AB3,Bribe_Asset_SnBNB_Pool_SnBNB,56
0xC609E287F63B846038263FF49B4eABEA6C99FA14,Bribe_Asset_SnBNB_Pool_WBNB,56
0xc7a6bA5F28993BaDb566007bD2E0CB253c431974,Bribe_Asset_ankrETH_Pool_ETH,56
0x8Dc7B0a98fC1A70e07cb2efEe6e339Bf9FE87B47,Bribe_Asset_ankrETH_Pool_ankrETH,56
0x18022e971e47575BEB749C8ee675e7b7F4229c51,Bribe_Asset_frxETHPool_WETH,56
0x015542b048C4711c52791346247187B5CcbecE5e,Bribe_Asset_frxETH_Pool_ETH,56
0xDfba6A2A516AB5d46f60fE61E023C8B371b20f1D,Bribe_Asset_frxETH_Pool_frxETH,56
0xab7700961aa1adc72a2b32c396eCa4F9ec3aB145,Bribe_Asset_frxETH_Pool_sfrxETH,56
0x966c3729366294829911A2fc651DD88378E71C01,Bribe_Asset_stables_01_FRAX,56
0xe237531dD203796145B13919B7EBB57886A0c1cB,Bribe_Asset_wBETH_Pool_ETH,56
0x2c0D2B8379ff694E47a52AfBd4Fe8F5A14207d86,Bribe_Asset_wBETH_Pool_wBETH,56
0x3F9Ec209eBAe56e1401cBa4e064f97a9127E61C8,Bribe_AxlUsdcPool_BUSD,56
0x27306b37d3C20F8B5297D20715ab173ad47ece80,Bribe_AxlUsdcPool_axlUSDC,56
0x20d7B9Ed2c4E2DCC55F9B463975b21bBf2A6eCd1,Bribe_BNBx,56
0xbeFB02dC4863Bd4B2803c32d75CA5DfeFa6f6091,Bribe_BOBPool_BOB,56
0x25157762a68FA8061fa800Ee3b53C593967A5c9b,Bribe_BOBPool_USDC,56
0x40841197A2ac1fb7d21d4eb9577e6529bd9892a1,Bribe_BnbxPool_WBNB,56
0x6dD7116B2640f4FA7a2AAD3fA6a6126bFA782B0B,Bribe_HAY,56
0xBD4420e06E39E55ea3e6DE4f3D5b43eb3bEC77de,Bribe_IUSDPool_BUSD,56
0xF80722121949C4Ae1047D9A3e26D25b71D8de4D2,Bribe_IUSDPool_iUSD,56
0x60ACa4Fd79BA7855771F78fC255539464252e1BD,Bribe_StkBnbPool_WBNB,56
0x7DC7E908427ab2C737A827cDc8069fF002489649,Bribe_mWOM,56
0x5E5dCBa266AB4c999889421C001b93b899d3092a,Bribe_mWOMPool_WOM,56
0x7F95D391e5F1A4B0a265e40Bf588739BEa2202c4,Bribe_qWOM,56
0xcf2e56E086fcD21eaB3614A5A78c8Ae27c2F0536,Bribe_qWOMPool_WOM,56
0xC4992f30b4F0398718FE945FFF9f0C273d74afAF,Bribe_stkBnb,56
0xE2a60C52C4abB9fbc3f711da3cb9E633269DBC67,Bribe_wmxWOMPool_WOM,56
0x08401FDb51D7C53e5A1Ee22186f030354B8880eD,Bribe_wmxWom,56
0xa75F185888F1E8d2320e80dCd2e7a4c9A17e013B,DefaultProxyAdmin,56
0xA3F6455cad5B5C12A9f1682F75631c6d06C14F6c,DynamicPoolV2_Implementation,56
0x0029b7e8e9eD8001c868AA09c74A1ac6269D4183,DynamicPool_01,56
0x2B187882073dccec42fa9A992C8A54E14b44984F,DynamicPool_01_Implementation,56
0x0029b7e8e9eD8001c868AA09c74A1ac6269D4183,DynamicPool_01_Proxy,56
0x1b507b97c89eDE3E40d1b2Ed92972197c6276D35,DynamicPools_ankrETH_Pool,56
0xA3F6455cad5B5C12A9f1682F75631c6d06C14F6c,DynamicPools_ankrETH_Pool_Implementation,56
0x1b507b97c89eDE3E40d1b2Ed92972197c6276D35,DynamicPools_ankrETH_Pool_Proxy,56
0x2Ea772346486972E7690219c190dAdDa40Ac5dA4,DynamicPools_frxETH_Pool,56
0xf2Fd53151444348C9734b2E19488651f38B36B68,DynamicPools_frxETH_Pool_Implementation,56
0x2Ea772346486972E7690219c190dAdDa40Ac5dA4,DynamicPools_frxETH_Pool_Proxy,56
0x8b892b6Ea1d0e5B29b719d6Bd6eb9354f1cDE060,DynamicPools_wBETH_Pool,56
0xa874c8ca588287DE77D73365D366EC8958c7C7f5,DynamicPools_wBETH_Pool_Implementation,56
0x8b892b6Ea1d0e5B29b719d6Bd6eb9354f1cDE060,DynamicPools_wBETH_Pool_Proxy,56
0xeA6cDd9e8819BbF7f8791E7D084d9F0a6Afa7892,FactoryPools_BOB_Pool,56
0x141298E32a058c82BB73A0B57E85450365561E98,FactoryPools_BOB_Pool_Implementation,56
0xeA6cDd9e8819BbF7f8791E7D084d9F0a6Afa7892,FactoryPools_BOB_Pool_Proxy,56
0x4dFa92842d05a790252A7f374323b9C86D7b7E12,FactoryPools_CUSD_Pool,56
0xB0D5083A95DEDab87A25DB7bcA6a6d3b04801043,FactoryPools_CUSD_Pool_Implementation,56
0x4dFa92842d05a790252A7f374323b9C86D7b7E12,FactoryPools_CUSD_Pool_Proxy,56
0xb8b1b72a9b9BA90E2539348fEC1Ad6b265F9F684,FactoryPools_MIM_Pool,56
0xF84c5999cD8667Fa54006Aca7FEF6c31F75cc9dE,FactoryPools_MIM_Pool_Implementation,56
0xb8b1b72a9b9BA90E2539348fEC1Ad6b265F9F684,FactoryPools_MIM_Pool_Proxy,56
0x9498563e47D7CFdFa22B818bb8112781036c201C,FactoryPools_Mixed_Pool,56
0x2120C8631Bf156ef0f5302dc0B20ce4fA19436B4,FactoryPools_Mixed_Pool_Implementation,56
0x9498563e47D7CFdFa22B818bb8112781036c201C,FactoryPools_Mixed_Pool_Proxy,56
0x6569DDC1Cc2648c89BC8025046A7dd65EB8940F3,FactoryPools_StandalonePool,56
0xCD32277631da27b4cC4a229B2dcf1E8EcE3CDA5C,FactoryPools_StandalonePool_Implementation,56
0x6569DDC1Cc2648c89BC8025046A7dd65EB8940F3,FactoryPools_StandalonePool_Proxy,56
0x05f727876d7C123B9Bb41507251E2Afd81EAD09A,FactoryPools_USDD_Pool,56
0xA8202E16C901A3B2361fD746faCc6318a94DB947,FactoryPools_USDD_Pool_Implementation,56
0x05f727876d7C123B9Bb41507251E2Afd81EAD09A,FactoryPools_USDD_Pool_Proxy,56
0x8ad47d7ab304272322513eE63665906b64a49dA2,FactoryPools_axlUSDC_Pool,56
0x804585C7eba7062277603fC13EFAa87B4aB658f1,FactoryPools_axlUSDC_Pool_Implementation,56
0x8ad47d7ab304272322513eE63665906b64a49dA2,FactoryPools_axlUSDC_Pool_Proxy,56
0x277E777F7687239B092c8845D4d2cd083a33C903,FactoryPools_iUSD_Pool,56
0x1Ff949797c78777Fd9e66BFf22fdF78759179503,FactoryPools_iUSD_Pool_Implementation,56
0x277E777F7687239B092c8845D4d2cd083a33C903,FactoryPools_iUSD_Pool_Proxy,56
0x48f6A8a0158031BaF8ce3e45344518f1e69f2A14,FactoryPools_stables_01,56
0x9eA89d71636eC3d2Cb539E0452B411f03D35CD36,FactoryPools_stables_01_Implementation,56
0x48f6A8a0158031BaF8ce3e45344518f1e69f2A14,FactoryPools_stables_01_Proxy,56
0xa61dccC6c6E34C8Fbf14527386cA35589e9b8C27,HAY_Pool,56
0xde509fE1555ab907E5C29f987ba0BE1AC0626dAe,HAY_Pool_Implementation,56
0xa61dccC6c6E34C8Fbf14527386cA35589e9b8C27,HAY_Pool_Proxy,56
0x312Bc7eAAF93f1C60Dc5AfC115FcCDE161055fb0,MainPool,56
0x2C3C340233338D875637304B06f4F6fAf9BeBd20,MainPool_Implementation,56
0x312Bc7eAAF93f1C60Dc5AfC115FcCDE161055fb0,MainPool_Proxy,56
0xE2C07d20AF0Fb50CAE6cDD615CA44AbaAA31F9c8,MasterWombatV2,56
0x96ed738aB2aF0Ee09Ee5922a4B0dEA1de3C54E82,MasterWombatV2_Implementation,56
0xE2C07d20AF0Fb50CAE6cDD615CA44AbaAA31F9c8,MasterWombatV2_Proxy,56
0x489833311676B566f888119c29bd997Dc6C95830,MasterWombatV3,56
0x55e4aC63b9275BA52223980e603F9eeB3157FE7B,MasterWombatV3_Implementation,56
0x489833311676B566f888119c29bd997Dc6C95830,MasterWombatV3_Proxy,56
0x2DC5C0A6b83Dc3B7eC92c4A868a87b464Aa27501,MultiRewarderPerSec_ANKR,56
0xBD28Fb07c755408ecB81EB8Fcd3e380E4b315f0F,MultiRewarderPerSec_BUSD,56
0xf812166D8Ff0C90f125b3ad7A59ff9ad6e2BC77D,MultiRewarderPerSec_HAY,56
0x946207061de96bfc2a5CD544EA4eC2F7fBE84A98,MultiRewarderPerSec_PSTAKE,56
0x053cd96D5BeB742189E21D9B9112a9195E19435f,MultiRewarderPerSec_SD,56
0x6521a549834F5E6d253CD2e5F4fbe4048f86cd7b,MultiRewarderPerSec_V2_BUSD,56
0xC9bFC3eFeFe4CF96877009F75a61F5c1937e5d1a,MultiRewarderPerSec_V2_HAY,56
0x2e14E0b0df067c2882205F2781b02d4d6Dd7E3BC,MultiRewarderPerSec_V3_Asset_BNBy_Pool_BNBy,56
0x36D775d270cc4ABD392cC5C6db12D0A7E0f2e47F,MultiRewarderPerSec_V3_Asset_BNBy_Pool_WBNB,56
0x9d4816D27Da9421f52A7D62E82CE7F2415F88BA2,MultiRewarderPerSec_V3_Asset_Mixed_Pool_CUSD,56
0xf3acb264090f7CeC38b88Af7071a36a718D80B14,MultiRewarderPerSec_V3_Asset_Mixed_Pool_FRAX,56
0x1cBb0f9ce44F024B47E5f7c07D72F6044DEf4497,MultiRewarderPerSec_V3_Asset_frxETH_Pool_ETH,56
0x44B597258b4bf87762F22C99b3D9a6E3fA7068E4,MultiRewarderPerSec_V3_Asset_frxETH_Pool_frxETH,56
0x5Ab8f02aca0ed53A1aad6150F19048F539c6A62d,MultiRewarderPerSec_V3_Asset_frxETH_Pool_sfrxETH,56
0xc4B2F992496376C6127e73F1211450322E580668,MultiRewarderPerSec_V3_Asset_mWOMPool_WOM,56
0xEfdEC25602Ee8358278f3f5cFa0230C4bDD5fC5F,MultiRewarderPerSec_V3_Asset_mWOMPool_mWOM,56
0xA2Ccca1D89D5d4098265CEf9674D65Cb9B642d96,MultiRewarderPerSec_V3_Asset_qWOMPool_WOM,56
0x5f027adF7eFFB310297fF78e2FB73D2B9626653c,MultiRewarderPerSec_V3_Asset_qWOMPool_qWOM,56
0x1f770175649236eF45d8Fe029949EC9119EFBD3d,MultiRewarderPerSec_V3_Asset_stables_01_FRAX,56
0x54ED8B35E800bD2D85F2529CEF4592f1c8b37610,MultiRewarderPerSec_V3_Asset_wBETH_Pool_ETH,56
0x1E9C11B40802488e676450bBB86a7ba92023eA23,MultiRewarderPerSec_V3_Asset_wBETH_Pool_wBETH,56
0x83BC718359D5C950618b4E85e1237c42C67d20f8,MultiRewarderPerSec_V3_Asset_wmxWOMPool_WOM,56
0xB06B2eec4439f0e057D540845d033998DF1828b2,MultiRewarderPerSec_V3_Asset_wmxWOMPool_wmxWOM,56
0xe4fD5D5C4D058c2323a35FbB720897EEeB6C76Bd,MultiRewarderPerSec_V3_BNBx,56
0xFbc083ed7655F68baF0f2039431Ea09c3635176D,MultiRewarderPerSec_V3_BnbxPool_WBNB,56
0x7903289B0122f3F4E0fF532D1D8A300D19bFd46f,MultiRewarderPerSec_V3_HAY,56
0x7Db1B59747430b0F5946e8Cd525CFc41bfD3A1C1,MultiRewarderPerSec_V3_StkBnbPool_WBNB,56
0x04299f69b567c6C8dC49162138E0ba32cD15ffA4,MultiRewarderPerSec_V3_mWOM,56
0x624BE60CC68Dd7Fc2e3f9f28cC7ef58c5bEB1e26,MultiRewarderPerSec_V3_mWOMPool_WOM,56
0x06228b709Ed3c8344ae61e64b48204174d2e48B5,MultiRewarderPerSec_V3_qWOM,56
0x75Eaa804518a66196946598317Aed57Ef86235Fe,MultiRewarderPerSec_V3_qWOMPool_WOM,56
0x28edda710ef4E72bf1389e2ff7d50Ccfa75f95Af,MultiRewarderPerSec_V3_stkBnb,56
0x71E41ca23115545682B12900AfC8c5130e03E623,MultiRewarderPerSec_V3_wmxWOM,56
0xa12BA2d89a16f57C4b714b03C7951c41c7695502,MultiRewarderPerSec_V3_wmxWOMPool_WOM,56
0x414D1a760320f948147FB71113851BB11CB53976,MultiRewarderPerSec_WBNB,56
0xF7AB0d4049633617D204Ea0Cf97d8b07b36559D0,MultiRewarderPerSec_WMX,56
0x437ddB8F7b08c1132403C96aB17E0Cd96F51d0dE,MultiRewarderPerSec_WOM,56
0xd29b3e305cF76e2076c7aACf018fa5D85510Ca01,MultiRewarderPerSec_mWOM,56
0x7A8faab51ca17C181F1516Ce46a716e47cc6e38e,MultiRewarderPerSec_mWOMPool_WOM,56
0xc7Fbef047e25257043Afc1bB9bC3894a47cFCd6c,MultiRewarderPerSec_qWOM,56
0x5D0f17F6385B3C0d1d8Ac4a6CcCacA2A558408e6,MultiRewarderPerSec_qWOMPool_WOM,56
0xDD29f25A64eb824E1FF37948FD2485D9E073fA01,PriceFeed_GovernedPriceFeed_Asset_frxETH_Pool_sfrxETH,56
0x0520451B19AD0bb00eD35ef391086A692CFC74B2,SidePool_01,56
0xC5Fb02EbFA9A88850eF88Fc29E1790296A90FE13,SidePool_01_Implementation,56
0x0520451B19AD0bb00eD35ef391086A692CFC74B2,SidePool_01_Proxy,56
0xF1e604e9A31c3b575f91CF008445B7ce06BF3fef,SnBNB_Pool,56
0xF1e604e9A31c3b575f91CF008445B7ce06BF3fef,SnBNB_Pool_Proxy,56
0xB0219A90EF6A24a237bC038f7B7a6eAc5e01edB0,StkBnbPool,56
0x108c990c93Fa8E3cD88DDb13594D39f09D9B3C02,StkBnbPool_Implementation,56
0xB0219A90EF6A24a237bC038f7B7a6eAc5e01edB0,StkBnbPool_Proxy,56
0x9f3F1e89831391214fAA57ee7e27667156140655,TimelockController,56
0x45a51Af45C370d1F8a0359913c7531D55a687D29,TokenVesting24M,56
0x297622907E5c6C133Df6CCED61aFc03FEF534Fd9,TokenVesting60M,56
0x3DA62816dD31c56D9CdF22C6771ddb892cB5b0Cc,VeWom,56
0x3FEf8C58A490a116EE6C666DE4c01bD55CD75D00,VeWom_Implementation,56
0x3DA62816dD31c56D9CdF22C6771ddb892cB5b0Cc,VeWom_Proxy,56
0x04D4e1C1F3D6539071b6D3849fDaED04d48D563d,Voter,56
0x4f5FA194C19f24aDB09c1742817C6E92D84Fc467,Voter_Implementation,56
0x04D4e1C1F3D6539071b6D3849fDaED04d48D563d,Voter_Proxy,56
0xD61C53dcd6F3b4258E28c7Eb1C328789fa71B591,Whitelist,56
0x083640c5dBD5a8dDc30100FB09B45901e12f9f55,WomSidePools_mWOMPool,56
0x9A5d0dE1eEe1fd5a1a507df677c7f26acaA510E0,WomSidePools_mWOMPool_Implementation,56
0x083640c5dBD5a8dDc30100FB09B45901e12f9f55,WomSidePools_mWOMPool_Proxy,56
0x2c5464b9052319e3d76f8279031f04e4B7fd7955,WomSidePools_qWOMPool,56
0x90AEA561C8Ad5DAa5A3FF0B9364382d5f4F7898d,WomSidePools_qWOMPool_Implementation,56
0x2c5464b9052319e3d76f8279031f04e4B7fd7955,WomSidePools_qWOMPool_Proxy,56
0xeEB5a751E0F5231Fc21c7415c4A4c6764f67ce2e,WomSidePools_wmxWOMPool,56
0x6ADB50FD76f3041AE8b40A80e8C8b94B67A7EBF5,WomSidePools_wmxWOMPool_Implementation,56
0xeEB5a751E0F5231Fc21c7415c4A4c6764f67ce2e,WomSidePools_wmxWOMPool_Proxy,56
0x19609B03C976CCA288fbDae5c21d4290e9a4aDD7,WombatRouter,56
0xAD6742A35fB341A9Cc6ad674738Dd8da98b94Fb1,WombatToken,56
0xc6bc781E20f9323012F6e422bdf552Ff06bA6CD1,DefaultProxyAdmin,1
0xC9bFC3eFeFe4CF96877009F75a61F5c1937e5d1a,MasterWombatV3,1
0xE85f625404eef8a55D9A8B385777d7C8E45E0C73,MasterWombatV3_Implementation,1
0xC9bFC3eFeFe4CF96877009F75a61F5c1937e5d1a,MasterWombatV3_Proxy,1
0xd05CF2BCaaee3a221E9effF58bF2874b9F11E47b,Asset_Main_Pool_USDC,10
0x375883a1F801138B6f5EE953a7A11072129Ac624,Asset_Main_Pool_USDT,10
0x85cEBD962861be410a777755dFa06914de6af003,DefaultProxyAdmin,10
0x6373D104B38b4eBB0bA15e364605a68E11558741,HighCovRatioFeePoolV2_Implementation,10
0x6f8Ad371FDD422c0abE21352525f58b5E3bB266b,Main_Pool,10
0x7b74AB9B96f2c2Fc68482f8176eC30ce53D15eA5,Main_Pool_Implementation,10
0x6f8Ad371FDD422c0abE21352525f58b5E3bB266b,Main_Pool_Proxy,10
0x34E2F923bBa206358EcE221af73E8d121837F873,MasterWombatV3,10
0xD0599dB1eDb0ce601AFCc59779fa21FEfaC83786,MasterWombatV3_Implementation,10
0x34E2F923bBa206358EcE221af73E8d121837F873,MasterWombatV3_Proxy,10
0xD119d81cD05c010C10e40FaE8478b36b59FAcA20,TimelockController,10
0x9A65781bFff8E43E4345D6B1b5157B2657F2735D,WombatRouter,10
0xa407185Af4Ef6F92dE90d159626Aa8C58EB5A2e3,Cherie,56
0x9e031064ce7C3E9b6dda1FfCF9E5D41AFBbdfEEa,Shinji,56
0x14bA0D857C496C03A8c8D5Fcc6c92d30Df804775,Alex,56
0x96bcaB9AbB56Cb94e4a43b009487E37390522350,Raymond,56
0xcB3Bb767104e0b3235520fafB182e005D7efD045,Jack,56
0xc92b4ceF4BFA0EeFE16eDA4689da10df9Fe9e801,Oscar,56
0x08B37669337aF0484aAF9C58f240e50ee8D928Ec,Kate,56
0xC37a89CdB064aC2921Fcc8B3538aC0d6a3AaDF48,Wombat-Multisig-bsc_mainnet,56
0xa407185Af4Ef6F92dE90d159626Aa8C58EB5A2e3,Cherie,42161
0x9e031064ce7C3E9b6dda1FfCF9E5D41AFBbdfEEa,Shinji,42161
0x14bA0D857C496C03A8c8D5Fcc6c92d30Df804775,Alex,42161
0x96bcaB9AbB56Cb94e4a43b009487E37390522350,Raymond,42161
0xcB3Bb767104e0b3235520fafB182e005D7efD045,Jack,42161
0xc92b4ceF4BFA0EeFE16eDA4689da10df9Fe9e801,Oscar,42161
0x08B37669337aF0484aAF9C58f240e50ee8D928Ec,Kate,42161
0xC37a89CdB064aC2921Fcc8B3538aC0d6a3AaDF48,Wombat-Multisig-arb_mainnet,42161
0xa407185Af4Ef6F92dE90d159626Aa8C58EB5A2e3,Cherie,10
0x9e031064ce7C3E9b6dda1FfCF9E5D41AFBbdfEEa,Shinji,10
0x14bA0D857C496C03A8c8D5Fcc6c92d30Df804775,Alex,10
0x96bcaB9AbB56Cb94e4a43b009487E37390522350,Raymond,10
0xcB3Bb767104e0b3235520fafB182e005D7efD045,Jack,10
0xc92b4ceF4BFA0EeFE16eDA4689da10df9Fe9e801,Oscar,10
0x08B37669337aF0484aAF9C58f240e50ee8D928Ec,Kate,10
0x9A104004ef083b0980F19Aa5D0Cfaaf2b5FFe388,Wombat-Multisig-opt_mainnet,10
0xa407185Af4Ef6F92dE90d159626Aa8C58EB5A2e3,Cherie,1
0x9e031064ce7C3E9b6dda1FfCF9E5D41AFBbdfEEa,Shinji,1
0x14bA0D857C496C03A8c8D5Fcc6c92d30Df804775,Alex,1
0x96bcaB9AbB56Cb94e4a43b009487E37390522350,Raymond,1
0xcB3Bb767104e0b3235520fafB182e005D7efD045,Jack,1
0xc92b4ceF4BFA0EeFE16eDA4689da10df9Fe9e801,Oscar,1
0x08B37669337aF0484aAF9C58f240e50ee8D928Ec,Kate,1
0x5781b4fe4fAdB61ea2483eEDD9498388F9b353b1,Wombat-Multisig-eth_mainnet,1